property,
0.9999869,
0.91682863,
